,rho,rule,complete,missing,N,E,T_h
0,0.05,TNE,True,,18.0,59.131296494139775,9.104448855127403
1,0.05,NET,True,,18.0,59.131296494139775,9.104448855127403
2,0.05,ENT,True,,19.0,59.0339425635166,9.56666042817052
3,0.06,TNE,True,,18.0,59.131296494139775,9.104448855127403
4,0.06,NET,True,,18.0,59.131296494139775,9.104448855127403
5,0.06,ENT,True,,19.0,59.0339425635166,9.56666042817052
6,0.07,TNE,True,,18.0,59.131296494139775,9.104448855127403
7,0.07,NET,True,,18.0,59.131296494139775,9.104448855127403
8,0.07,ENT,True,,19.0,59.0339425635166,9.56666042817052
9,0.08,TNE,True,,18.0,59.131296494139775,9.104448855127403
10,0.08,NET,True,,18.0,59.131296494139775,9.104448855127403
11,0.08,ENT,True,,19.0,59.0339425635166,9.56666042817052
12,0.09,TNE,True,,18.0,59.131296494139775,9.104448855127403
13,0.09,NET,True,,18.0,59.131296494139775,9.104448855127403
14,0.09,ENT,True,,19.0,59.0339425635166,9.56666042817052
15,0.1,TNE,True,,18.0,59.131296494139775,9.104448855127403
16,0.1,NET,True,,18.0,59.131296494139775,9.104448855127403
17,0.1,ENT,True,,19.0,59.0339425635166,9.56666042817052
18,0.11,TNE,True,,18.0,59.131296494139775,9.104448855127403
19,0.11,NET,True,,18.0,59.131296494139775,9.104448855127403
20,0.11,ENT,True,,19.0,59.0339425635166,9.56666042817052
21,0.12,TNE,True,,18.0,59.131296494139775,9.104448855127403
22,0.12,NET,True,,18.0,59.131296494139775,9.104448855127403
23,0.12,ENT,True,,19.0,59.0339425635166,9.56666042817052
24,0.13,TNE,True,,18.0,59.131296494139775,9.104448855127403
25,0.13,NET,True,,18.0,59.131296494139775,9.104448855127403
26,0.13,ENT,True,,19.0,59.0339425635166,9.56666042817052
27,0.14,TNE,True,,18.0,59.131296494139775,9.104448855127403
28,0.14,NET,True,,18.0,59.131296494139775,9.104448855127403
29,0.14,ENT,True,,19.0,59.0339425635166,9.56666042817052
30,0.15,TNE,True,,18.0,59.131296494139775,9.104448855127403
31,0.15,NET,True,,18.0,59.131296494139775,9.104448855127403
32,0.15,ENT,True,,19.0,59.0339425635166,9.56666042817052
33,0.16,TNE,True,,18.0,59.131296494139775,9.104448855127403
34,0.16,NET,True,,18.0,59.131296494139775,9.104448855127403
35,0.16,ENT,True,,19.0,59.0339425635166,9.56666042817052
36,0.17,TNE,True,,18.0,59.131296494139775,9.104448855127403
37,0.17,NET,True,,18.0,59.131296494139775,9.104448855127403
38,0.17,ENT,True,,19.0,59.0339425635166,9.56666042817052
39,0.18,TNE,True,,18.0,59.131296494139775,9.104448855127403
40,0.18,NET,True,,18.0,59.131296494139775,9.104448855127403
41,0.18,ENT,True,,19.0,59.0339425635166,9.56666042817052
42,0.19,TNE,True,,18.0,59.131296494139775,9.104448855127403
43,0.19,NET,True,,18.0,59.131296494139775,9.104448855127403
44,0.19,ENT,True,,19.0,59.0339425635166,9.56666042817052
45,0.2,TNE,True,,18.0,59.131296494139775,9.104448855127403
46,0.2,NET,True,,18.0,59.131296494139775,9.104448855127403
47,0.2,ENT,True,,19.0,59.0339425635166,9.56666042817052
48,0.21,TNE,True,,18.0,59.131296494139775,9.104448855127403
49,0.21,NET,True,,18.0,59.131296494139775,9.104448855127403
50,0.21,ENT,True,,19.0,59.0339425635166,9.56666042817052
51,0.22,TNE,True,,18.0,59.131296494139775,9.104448855127403
52,0.22,NET,True,,18.0,59.131296494139775,9.104448855127403
53,0.22,ENT,True,,19.0,59.0339425635166,9.56666042817052
54,0.23,TNE,True,,18.0,59.131296494139775,9.104448855127403
55,0.23,NET,True,,18.0,59.131296494139775,9.104448855127403
56,0.23,ENT,True,,19.0,59.0339425635166,9.56666042817052
57,0.24,TNE,True,,19.0,61.16473160480671,9.599905420990211
58,0.24,NET,True,,19.0,61.07338784825168,9.601572087656878
59,0.24,ENT,True,,21.0,60.866832944775794,10.52884771116838
60,0.25,TNE,True,,19.0,61.16473160480671,9.599905420990211
61,0.25,NET,True,,19.0,61.07338784825168,9.601572087656878
62,0.25,ENT,True,,21.0,60.866832944775794,10.52884771116838
63,0.26,TNE,True,,19.0,61.16473160480671,9.599905420990211
64,0.26,NET,True,,19.0,61.07338784825168,9.601572087656878
65,0.26,ENT,True,,20.0,60.96418687539897,10.066636138125265
66,0.27,TNE,True,,19.0,61.16473160480671,9.599905420990211
67,0.27,NET,True,,19.0,61.07338784825168,9.601572087656878
68,0.27,ENT,True,,20.0,60.96418687539897,10.066636138125265
69,0.28,TNE,True,,20.0,65.3340067721683,10.135294167223973
70,0.28,NET,True,,20.0,65.24266301561326,10.13696083389064
71,0.28,ENT,True,,24.0,64.82245537059248,12.032544944948157
72,0.29,TNE,True,,20.0,67.22759022628541,10.162826968534196
73,0.29,NET,True,,20.0,67.22759022628541,10.162826968534196
74,0.29,ENT,True,,26.0,66.5186024045072,12.912620093955773
75,0.3,TNE,True,,20.0,67.22759022628541,10.162826968534196
76,0.3,NET,True,,20.0,67.22759022628541,10.162826968534196
77,0.3,ENT,True,,26.0,66.5186024045072,12.912620093955773
78,0.31,TNE,True,,20.0,67.22759022628541,10.162826968534196
79,0.31,NET,True,,20.0,67.22759022628541,10.162826968534196
80,0.31,ENT,True,,26.0,66.5186024045072,12.912620093955773
81,0.32,TNE,True,,20.0,69.42361754582078,10.19556317176318
82,0.32,NET,True,,20.0,69.42361754582078,10.19556317176318
83,0.32,ENT,True,,26.0,68.61986484299142,12.931650592015558
84,0.33,TNE,True,,20.0,74.29330042451802,10.255363958664583
85,0.33,NET,True,,20.0,74.29330042451802,10.255363958664583
86,0.33,ENT,True,,28.0,70.59524942056514,13.89717120834675
87,0.34,TNE,True,,22.0,76.1841845427567,11.243832010497707
88,0.34,NET,True,,22.0,76.15391637475192,11.24716534383104
89,0.34,ENT,True,,30.0,74.8996164501983,14.920047531686855
90,0.35,TNE,True,,25.0,75.63785833603526,12.603212141191237
91,0.35,NET,True,,25.0,75.6075901680305,12.606545474524571
92,0.35,ENT,True,,30.0,74.8996164501983,14.920047531686855
93,0.36,TNE,False,S008,,,
94,0.36,NET,False,S008,,,
95,0.36,ENT,False,S008,,,
96,0.37,TNE,False,S008,,,
97,0.37,NET,False,S008,,,
98,0.37,ENT,False,S008,,,
99,0.38,TNE,False,"S004,S008",,,
100,0.38,NET,False,"S004,S008",,,
101,0.38,ENT,False,"S004,S008",,,
102,0.39,TNE,False,"S004,S008",,,
103,0.39,NET,False,"S004,S008",,,
104,0.39,ENT,False,"S004,S008",,,
105,0.4,TNE,False,"S004,S008",,,
106,0.4,NET,False,"S004,S008",,,
107,0.4,ENT,False,"S004,S008",,,
108,0.41,TNE,False,"S002,S003,S004,S008,S012",,,
109,0.41,NET,False,"S002,S003,S004,S008,S012",,,
110,0.41,ENT,False,"S002,S003,S004,S008,S012",,,
111,0.42,TNE,False,"S002,S003,S004,S008,S012",,,
112,0.42,NET,False,"S002,S003,S004,S008,S012",,,
113,0.42,ENT,False,"S002,S003,S004,S008,S012",,,
114,0.43,TNE,False,"S002,S003,S004,S008,S012",,,
115,0.43,NET,False,"S002,S003,S004,S008,S012",,,
116,0.43,ENT,False,"S002,S003,S004,S008,S012",,,
117,0.44,TNE,False,"S002,S003,S004,S008,S012",,,
118,0.44,NET,False,"S002,S003,S004,S008,S012",,,
119,0.44,ENT,False,"S002,S003,S004,S008,S012",,,
120,0.45,TNE,False,"S002,S003,S004,S008,S012",,,
121,0.45,NET,False,"S002,S003,S004,S008,S012",,,
122,0.45,ENT,False,"S002,S003,S004,S008,S012",,,
